UPDATE creature_template
SET ScriptName = CONCAT(ScriptName, '_multi')
WHERE ScriptName IN('npc_prof_alchemy', 'npc_prof_blacksmith', 'npc_engineering_tele_trinket', 'npc_prof_leather', 'npc_prof_tailor');

UPDATE quest_template_addon
SET ExclusiveGroup = 0
WHERE ExclusiveGroup IN(3526,5301,10831,10905,5283,3638,10897,5141,5145);


UPDATE quest_template
SET RewardSpell = 0
WHERE RewardSpell IN(9789,9790,10657,10659,10661);



-- horde armorsmithing

DELETE FROM `quest_template` WHERE (`ID` = 65432);
INSERT INTO `quest_template` (`ID`, `QuestType`, `QuestLevel`, `MinLevel`, `QuestSortID`, `QuestInfoID`, `SuggestedGroupNum`, `RequiredFactionId1`, `RequiredFactionId2`, `RequiredFactionValue1`, `RequiredFactionValue2`, `RewardNextQuest`, `RewardXPDifficulty`, `RewardMoney`, `RewardMoneyDifficulty`, `RewardDisplaySpell`, `RewardSpell`, `RewardHonor`, `RewardKillHonor`, `StartItem`, `Flags`, `RequiredPlayerKills`, `RewardItem1`, `RewardAmount1`, `RewardItem2`, `RewardAmount2`, `RewardItem3`, `RewardAmount3`, `RewardItem4`, `RewardAmount4`, `ItemDrop1`, `ItemDropQuantity1`, `ItemDrop2`, `ItemDropQuantity2`, `ItemDrop3`, `ItemDropQuantity3`, `ItemDrop4`, `ItemDropQuantity4`, `RewardChoiceItemID1`, `RewardChoiceItemQuantity1`, `RewardChoiceItemID2`, `RewardChoiceItemQuantity2`, `RewardChoiceItemID3`, `RewardChoiceItemQuantity3`, `RewardChoiceItemID4`, `RewardChoiceItemQuantity4`, `RewardChoiceItemID5`, `RewardChoiceItemQuantity5`, `RewardChoiceItemID6`, `RewardChoiceItemQuantity6`, `POIContinent`, `POIx`, `POIy`, `POIPriority`, `RewardTitle`, `RewardTalents`, `RewardArenaPoints`, `RewardFactionID1`, `RewardFactionValue1`, `RewardFactionOverride1`, `RewardFactionID2`, `RewardFactionValue2`, `RewardFactionOverride2`, `RewardFactionID3`, `RewardFactionValue3`, `RewardFactionOverride3`, `RewardFactionID4`, `RewardFactionValue4`, `RewardFactionOverride4`, `RewardFactionID5`, `RewardFactionValue5`, `RewardFactionOverride5`, `TimeAllowed`, `AllowableRaces`, `LogTitle`, `LogDescription`, `QuestDescription`, `AreaDescription`, `QuestCompletionLog`, `RequiredNpcOrGo1`, `RequiredNpcOrGo2`, `RequiredNpcOrGo3`, `RequiredNpcOrGo4`, `RequiredNpcOrGoCount1`, `RequiredNpcOrGoCount2`, `RequiredNpcOrGoCount3`, `RequiredNpcOrGoCount4`, `RequiredItemId1`, `RequiredItemId2`, `RequiredItemId3`, `RequiredItemId4`, `RequiredItemId5`, `RequiredItemId6`, `RequiredItemCount1`, `RequiredItemCount2`, `RequiredItemCount3`, `RequiredItemCount4`, `RequiredItemCount5`, `RequiredItemCount6`, `Unknown0`, `ObjectiveText1`, `ObjectiveText2`, `ObjectiveText3`, `ObjectiveText4`, `VerifiedBuild`) VALUES
(65432, 2, 84, 0, -121, 0, 0, 0, 0, 0, 0, 0, 0, 0, 0, 0, 0, 0, 0, 0, 0, 0, 0, 0, 0, 0, 0, 0, 0, 0, 0, 0, 0, 0, 0, 0, 0, 0, 0, 0, 0, 0, 0, 0, 0, 0, 0, 0, 0, 0, 1, 2055.67, -4802.48, 0, 0, 0, 0, 0, 0, 0, 0, 0, 0, 0, 0, 0, 0, 0, 0, 0, 0, 0, 0, 2047, 'Enable specialization horde', 'Go talk to Krathok Moltenfist in Orgrimmar and use the gossip options to learn your specialzation. ', 'Lets you know where to go to enable specializations', 'Go talk to Krathok Moltenfist in Orgrimmar and use the gossip options to learn your specialzation. ', 'great success', 0, 0, 0, 0, 0, 0, 0, 0, 0, 0, 0, 0, 0, 0, 0, 0, 0, 0, 0, 0, 0, '', '', '', '', 0);
REPLACE INTO `creature_queststarter` (`id`, `quest`) VALUES
(11177, 65432);
REPLACE INTO `creature_questender` (`id`, `quest`) VALUES
(11176, 65432);
UPDATE `quest_template_addon` SET `NextQuestID` = 65432 WHERE (`ID` = 5301);
DELETE FROM `quest_offer_reward` WHERE (`ID` = 65432);
INSERT INTO `quest_offer_reward` (`ID`, `Emote1`, `Emote2`, `Emote3`, `Emote4`, `EmoteDelay1`, `EmoteDelay2`, `EmoteDelay3`, `EmoteDelay4`, `RewardText`, `VerifiedBuild`) VALUES
(65432, 0, 0, 0, 0, 0, 0, 0, 0, 'You will need to talk to me to learn both armor smithing and weapon smithing when you\'ve finished the specialization quest.', 0);

-- Alliance armorsmithing

DELETE FROM `quest_template` WHERE (`ID` = 65433);
INSERT INTO `quest_template` (`ID`, `QuestType`, `QuestLevel`, `MinLevel`, `QuestSortID`, `QuestInfoID`, `SuggestedGroupNum`, `RequiredFactionId1`, `RequiredFactionId2`, `RequiredFactionValue1`, `RequiredFactionValue2`, `RewardNextQuest`, `RewardXPDifficulty`, `RewardMoney`, `RewardMoneyDifficulty`, `RewardDisplaySpell`, `RewardSpell`, `RewardHonor`, `RewardKillHonor`, `StartItem`, `Flags`, `RequiredPlayerKills`, `RewardItem1`, `RewardAmount1`, `RewardItem2`, `RewardAmount2`, `RewardItem3`, `RewardAmount3`, `RewardItem4`, `RewardAmount4`, `ItemDrop1`, `ItemDropQuantity1`, `ItemDrop2`, `ItemDropQuantity2`, `ItemDrop3`, `ItemDropQuantity3`, `ItemDrop4`, `ItemDropQuantity4`, `RewardChoiceItemID1`, `RewardChoiceItemQuantity1`, `RewardChoiceItemID2`, `RewardChoiceItemQuantity2`, `RewardChoiceItemID3`, `RewardChoiceItemQuantity3`, `RewardChoiceItemID4`, `RewardChoiceItemQuantity4`, `RewardChoiceItemID5`, `RewardChoiceItemQuantity5`, `RewardChoiceItemID6`, `RewardChoiceItemQuantity6`, `POIContinent`, `POIx`, `POIy`, `POIPriority`, `RewardTitle`, `RewardTalents`, `RewardArenaPoints`, `RewardFactionID1`, `RewardFactionValue1`, `RewardFactionOverride1`, `RewardFactionID2`, `RewardFactionValue2`, `RewardFactionOverride2`, `RewardFactionID3`, `RewardFactionValue3`, `RewardFactionOverride3`, `RewardFactionID4`, `RewardFactionValue4`, `RewardFactionOverride4`, `RewardFactionID5`, `RewardFactionValue5`, `RewardFactionOverride5`, `TimeAllowed`, `AllowableRaces`, `LogTitle`, `LogDescription`, `QuestDescription`, `AreaDescription`, `QuestCompletionLog`, `RequiredNpcOrGo1`, `RequiredNpcOrGo2`, `RequiredNpcOrGo3`, `RequiredNpcOrGo4`, `RequiredNpcOrGoCount1`, `RequiredNpcOrGoCount2`, `RequiredNpcOrGoCount3`, `RequiredNpcOrGoCount4`, `RequiredItemId1`, `RequiredItemId2`, `RequiredItemId3`, `RequiredItemId4`, `RequiredItemId5`, `RequiredItemId6`, `RequiredItemCount1`, `RequiredItemCount2`, `RequiredItemCount3`, `RequiredItemCount4`, `RequiredItemCount5`, `RequiredItemCount6`, `Unknown0`, `ObjectiveText1`, `ObjectiveText2`, `ObjectiveText3`, `ObjectiveText4`, `VerifiedBuild`) VALUES
(65433, 2, 84, 0, -121, 0, 0, 0, 0, 0, 0, 0, 0, 0, 0, 0, 0, 0, 0, 0, 0, 0, 0, 0, 0, 0, 0, 0, 0, 0, 0, 0, 0, 0, 0, 0, 0, 0, 0, 0, 0, 0, 0, 0, 0, 0, 0, 0, 0, 0, 0, -4787.358398, -1122.717651, 0, 0, 0, 0, 0, 0, 0, 0, 0, 0, 0, 0, 0, 0, 0, 0, 0, 0, 0, 0, 2047, 'Enable specialization Alliance', 'Go talk to Myolor Sunderfury in Ironforge and use the gossip options to learn your specialzation. ', 'Lets you know where to go to enable specializations', 'Go talk to Myolor Sunderfury in Ironforge and use the gossip options to learn your specialzation. ', 'great success', 0, 0, 0, 0, 0, 0, 0, 0, 0, 0, 0, 0, 0, 0, 0, 0, 0, 0, 0, 0, 0, '', '', '', '', 0);
REPLACE INTO `creature_queststarter` (`id`, `quest`) VALUES
(5164, 65433);
REPLACE INTO `creature_questender` (`id`, `quest`) VALUES
(11145, 65433);
UPDATE `quest_template_addon` SET `NextQuestID` = 65433 WHERE (`ID` = 5283);
DELETE FROM `quest_offer_reward` WHERE (`ID` = 65433);
INSERT INTO `quest_offer_reward` (`ID`, `Emote1`, `Emote2`, `Emote3`, `Emote4`, `EmoteDelay1`, `EmoteDelay2`, `EmoteDelay3`, `EmoteDelay4`, `RewardText`, `VerifiedBuild`) VALUES
(65433, 0, 0, 0, 0, 0, 0, 0, 0, 'You will need to talk to me to learn both armor smithing and weapon smithing when you\'ve finished the specialization quest.', 0);

-- horde weaponsmithing

DELETE FROM `quest_template` WHERE (`ID` = 65434);
INSERT INTO `quest_template` (`ID`, `QuestType`, `QuestLevel`, `MinLevel`, `QuestSortID`, `QuestInfoID`, `SuggestedGroupNum`, `RequiredFactionId1`, `RequiredFactionId2`, `RequiredFactionValue1`, `RequiredFactionValue2`, `RewardNextQuest`, `RewardXPDifficulty`, `RewardMoney`, `RewardMoneyDifficulty`, `RewardDisplaySpell`, `RewardSpell`, `RewardHonor`, `RewardKillHonor`, `StartItem`, `Flags`, `RequiredPlayerKills`, `RewardItem1`, `RewardAmount1`, `RewardItem2`, `RewardAmount2`, `RewardItem3`, `RewardAmount3`, `RewardItem4`, `RewardAmount4`, `ItemDrop1`, `ItemDropQuantity1`, `ItemDrop2`, `ItemDropQuantity2`, `ItemDrop3`, `ItemDropQuantity3`, `ItemDrop4`, `ItemDropQuantity4`, `RewardChoiceItemID1`, `RewardChoiceItemQuantity1`, `RewardChoiceItemID2`, `RewardChoiceItemQuantity2`, `RewardChoiceItemID3`, `RewardChoiceItemQuantity3`, `RewardChoiceItemID4`, `RewardChoiceItemQuantity4`, `RewardChoiceItemID5`, `RewardChoiceItemQuantity5`, `RewardChoiceItemID6`, `RewardChoiceItemQuantity6`, `POIContinent`, `POIx`, `POIy`, `POIPriority`, `RewardTitle`, `RewardTalents`, `RewardArenaPoints`, `RewardFactionID1`, `RewardFactionValue1`, `RewardFactionOverride1`, `RewardFactionID2`, `RewardFactionValue2`, `RewardFactionOverride2`, `RewardFactionID3`, `RewardFactionValue3`, `RewardFactionOverride3`, `RewardFactionID4`, `RewardFactionValue4`, `RewardFactionOverride4`, `RewardFactionID5`, `RewardFactionValue5`, `RewardFactionOverride5`, `TimeAllowed`, `AllowableRaces`, `LogTitle`, `LogDescription`, `QuestDescription`, `AreaDescription`, `QuestCompletionLog`, `RequiredNpcOrGo1`, `RequiredNpcOrGo2`, `RequiredNpcOrGo3`, `RequiredNpcOrGo4`, `RequiredNpcOrGoCount1`, `RequiredNpcOrGoCount2`, `RequiredNpcOrGoCount3`, `RequiredNpcOrGoCount4`, `RequiredItemId1`, `RequiredItemId2`, `RequiredItemId3`, `RequiredItemId4`, `RequiredItemId5`, `RequiredItemId6`, `RequiredItemCount1`, `RequiredItemCount2`, `RequiredItemCount3`, `RequiredItemCount4`, `RequiredItemCount5`, `RequiredItemCount6`, `Unknown0`, `ObjectiveText1`, `ObjectiveText2`, `ObjectiveText3`, `ObjectiveText4`, `VerifiedBuild`) VALUES
(65434, 2, 84, 0, -121, 0, 0, 0, 0, 0, 0, 0, 0, 0, 0, 0, 0, 0, 0, 0, 0, 0, 0, 0, 0, 0, 0, 0, 0, 0, 0, 0, 0, 0, 0, 0, 0, 0, 0, 0, 0, 0, 0, 0, 0, 0, 0, 0, 0, 0, 1, 2055.67, -4802.48, 0, 0, 0, 0, 0, 0, 0, 0, 0, 0, 0, 0, 0, 0, 0, 0, 0, 0, 0, 0, 2047, 'Enable specialization horde', 'Go talk to Krathok Moltenfist in Orgrimmar and use the gossip options to learn your specialzation. ', 'Lets you know where to go to enable specializations', 'Go talk to Krathok Moltenfist in Orgrimmar and use the gossip options to learn your specialzation. ', 'great success', 0, 0, 0, 0, 0, 0, 0, 0, 0, 0, 0, 0, 0, 0, 0, 0, 0, 0, 0, 0, 0, '', '', '', '', 0);
REPLACE INTO `creature_queststarter` (`id`, `quest`) VALUES
(11178, 65434);
REPLACE INTO `creature_questender` (`id`, `quest`) VALUES
(11176, 65434);
UPDATE `quest_template_addon` SET `NextQuestID` = 65434 WHERE (`ID` = 5302);
DELETE FROM `quest_offer_reward` WHERE (`ID` = 65434);
INSERT INTO `quest_offer_reward` (`ID`, `Emote1`, `Emote2`, `Emote3`, `Emote4`, `EmoteDelay1`, `EmoteDelay2`, `EmoteDelay3`, `EmoteDelay4`, `RewardText`, `VerifiedBuild`) VALUES
(65434, 0, 0, 0, 0, 0, 0, 0, 0, 'You will need to talk to me to learn both armor smithing and weapon smithing when you\'ve finished the specialization quest.', 0);

-- Alliance weaponsmithing

DELETE FROM `quest_template` WHERE (`ID` = 65435);
INSERT INTO `quest_template` (`ID`, `QuestType`, `QuestLevel`, `MinLevel`, `QuestSortID`, `QuestInfoID`, `SuggestedGroupNum`, `RequiredFactionId1`, `RequiredFactionId2`, `RequiredFactionValue1`, `RequiredFactionValue2`, `RewardNextQuest`, `RewardXPDifficulty`, `RewardMoney`, `RewardMoneyDifficulty`, `RewardDisplaySpell`, `RewardSpell`, `RewardHonor`, `RewardKillHonor`, `StartItem`, `Flags`, `RequiredPlayerKills`, `RewardItem1`, `RewardAmount1`, `RewardItem2`, `RewardAmount2`, `RewardItem3`, `RewardAmount3`, `RewardItem4`, `RewardAmount4`, `ItemDrop1`, `ItemDropQuantity1`, `ItemDrop2`, `ItemDropQuantity2`, `ItemDrop3`, `ItemDropQuantity3`, `ItemDrop4`, `ItemDropQuantity4`, `RewardChoiceItemID1`, `RewardChoiceItemQuantity1`, `RewardChoiceItemID2`, `RewardChoiceItemQuantity2`, `RewardChoiceItemID3`, `RewardChoiceItemQuantity3`, `RewardChoiceItemID4`, `RewardChoiceItemQuantity4`, `RewardChoiceItemID5`, `RewardChoiceItemQuantity5`, `RewardChoiceItemID6`, `RewardChoiceItemQuantity6`, `POIContinent`, `POIx`, `POIy`, `POIPriority`, `RewardTitle`, `RewardTalents`, `RewardArenaPoints`, `RewardFactionID1`, `RewardFactionValue1`, `RewardFactionOverride1`, `RewardFactionID2`, `RewardFactionValue2`, `RewardFactionOverride2`, `RewardFactionID3`, `RewardFactionValue3`, `RewardFactionOverride3`, `RewardFactionID4`, `RewardFactionValue4`, `RewardFactionOverride4`, `RewardFactionID5`, `RewardFactionValue5`, `RewardFactionOverride5`, `TimeAllowed`, `AllowableRaces`, `LogTitle`, `LogDescription`, `QuestDescription`, `AreaDescription`, `QuestCompletionLog`, `RequiredNpcOrGo1`, `RequiredNpcOrGo2`, `RequiredNpcOrGo3`, `RequiredNpcOrGo4`, `RequiredNpcOrGoCount1`, `RequiredNpcOrGoCount2`, `RequiredNpcOrGoCount3`, `RequiredNpcOrGoCount4`, `RequiredItemId1`, `RequiredItemId2`, `RequiredItemId3`, `RequiredItemId4`, `RequiredItemId5`, `RequiredItemId6`, `RequiredItemCount1`, `RequiredItemCount2`, `RequiredItemCount3`, `RequiredItemCount4`, `RequiredItemCount5`, `RequiredItemCount6`, `Unknown0`, `ObjectiveText1`, `ObjectiveText2`, `ObjectiveText3`, `ObjectiveText4`, `VerifiedBuild`) VALUES
(65435, 2, 84, 0, -121, 0, 0, 0, 0, 0, 0, 0, 0, 0, 0, 0, 0, 0, 0, 0, 0, 0, 0, 0, 0, 0, 0, 0, 0, 0, 0, 0, 0, 0, 0, 0, 0, 0, 0, 0, 0, 0, 0, 0, 0, 0, 0, 0, 0, 0, 0, -4787.358398, -1122.717651, 0, 0, 0, 0, 0, 0, 0, 0, 0, 0, 0, 0, 0, 0, 0, 0, 0, 0, 0, 0, 2047, 'Enable specialization Alliance', 'Go talk to Myolor Sunderfury in Ironforge and use the gossip options to learn your specialzation. ', 'Lets you know where to go to enable specializations', 'Go talk to Myolor Sunderfury in Ironforge and use the gossip options to learn your specialzation. ', 'great success', 0, 0, 0, 0, 0, 0, 0, 0, 0, 0, 0, 0, 0, 0, 0, 0, 0, 0, 0, 0, 0, '', '', '', '', 0);
REPLACE INTO `creature_queststarter` (`id`, `quest`) VALUES
(11146, 65435);
REPLACE INTO `creature_questender` (`id`, `quest`) VALUES
(11145, 65435);
UPDATE `quest_template_addon` SET `NextQuestID` = 65435 WHERE (`ID` = 5284);
DELETE FROM `quest_offer_reward` WHERE (`ID` = 65435);
INSERT INTO `quest_offer_reward` (`ID`, `Emote1`, `Emote2`, `Emote3`, `Emote4`, `EmoteDelay1`, `EmoteDelay2`, `EmoteDelay3`, `EmoteDelay4`, `RewardText`, `VerifiedBuild`) VALUES
(65435, 0, 0, 0, 0, 0, 0, 0, 0, 'You will need to talk to me to learn both armor smithing and weapon smithing when you\'ve finished the specialization quest.', 0);








